Workbook

Sheet 原始数据
B1: 习题2.12 某地100例30~40岁健康男子血清总胆固醇含量测定结果（mol/L）
B2: n = 100，单位：mol/L
B3: 1 | C3: 2 | D3: 3 | E3: 4 | F3: 5 | G3: 6 | H3: 7 | I3: 8 | J3: 9 | K3: 10
A4: 1 | B4: 4.77 | C4: 3.37 | D4: 6.14 | E4: 3.95 | F4: 3.56 | G4: 4.23 | H4: 4.31 | I4: 4.71 | J4: 5.69 | K4: 4.12
A5: 2 | B5: 4.56 | C5: 4.37 | D5: 5.39 | E5: 6.3 | F5: 5.21 | G5: 7.22 | H5: 5.54 | I5: 3.93 | J5: 5.21 | K5: 6.51
A6: 3 | B6: 5.18 | C6: 5.77 | D6: 4.79 | E6: 5.12 | F6: 5.2 | G6: 5.1 | H6: 4.7 | I6: 4.74 | J6: 3.5 | K6: 4.69
A7: 4 | B7: 4.38 | C7: 4.89 | D7: 6.25 | E7: 5.32 | F7: 4.5 | G7: 4.63 | H7: 3.61 | I7: 4.44 | J7: 4.43 | K7: 4.25
A8: 5 | B8: 4.03 | C8: 5.85 | D8: 4.09 | E8: 3.35 | F8: 4.08 | G8: 4.79 | H8: 5.3 | I8: 4.97 | J8: 3.18 | K8: 3.97
A9: 6 | B9: 5.16 | C9: 5.1 | D9: 5.85 | E9: 4.79 | F9: 5.34 | G9: 4.24 | H9: 4.32 | I9: 4.77 | J9: 6.36 | K9: 6.38
A10: 7 | B10: 4.88 | C10: 5.55 | D10: 3.04 | E10: 4.55 | F10: 3.35 | G10: 4.87 | H10: 4.17 | I10: 5.85 | J10: 5.16 | K10: 5.09
A11: 8 | B11: 4.52 | C11: 4.38 | D11: 4.31 | E11: 4.58 | F11: 5.72 | G11: 6.55 | H11: 4.76 | I11: 4.61 | J11: 4.17 | K11: 4.03
A12: 9 | B12: 4.47 | C12: 3.4 | D12: 3.91 | E12: 2.7 | F12: 4.6 | G12: 4.09 | H12: 5.96 | I12: 5.48 | J12: 4.4 | K12: 4.55
A13: 10 | B13: 5.38 | C13: 3.89 | D13: 4.6 | E13: 4.47 | F13: 3.64 | G13: 4.34 | H13: 5.18 | I13: 6.14 | J13: 3.24 | K13: 4.9
B15: 样本量 n | D15: =COUNT(B4:K13) -> 100
B16: 最小值 Min | D16: =MIN(B4:K13) -> 2.7
B17: 最大值 Max | D17: =MAX(B4:K13) -> 7.22
B18: 全距 R = Max－Min | D18: =D17-D16 -> 4.52

Sheet 2.12 频数分布表
B1: 习题2.12 频数分布表的编制
B3: 1. 全距 R = 最大值－最小值 | D3: =原始数据!$D$17-原始数据!$D$16 -> 4.52
B4: 2. 组数（参考 n=100，取10组） | D4: 10
B5: 3. 组距 i ≈ R / 组数，取整为 0.5 | D5: 0.5
B6: 4. 第一组下限（略小于最小值，取2.50） | D6: 2.5
B8: 组段（mol/L） | C8: 组中值 | D8: 频数(人数) | E8: 频率(%) | F8: 累计频数 | G8: 累计频率(%)
B9: =TEXT($D$6+0*$D$5,"0.00")&"~"&TEXT($D$6+1*$D$5,"0.00") -> 2.50~3.00 | C9: =($D$6+0*$D$5+$D$6+1*$D$5)/2 -> 2.75 | D9: =COUNTIFS(原始数据!$B$4:$K$13,">="&($D$6+0*$D$5),原始数据!$B$4:$K$13,"<"&($D$6+1*$D$5)) -> 1 | E9: =D9/原始数据!$D$15*100 -> 1 | F9: =D9 -> 1 | G9: =F9/原始数据!$D$15*100 -> 1 | H9: =$D$6+0*$D$5 -> 2.5 | I9: =$D$6+1*$D$5 -> 3
B10: =TEXT($D$6+1*$D$5,"0.00")&"~"&TEXT($D$6+2*$D$5,"0.00") -> 3.00~3.50 | C10: =($D$6+1*$D$5+$D$6+2*$D$5)/2 -> 3.25 | D10: =COUNTIFS(原始数据!$B$4:$K$13,">="&($D$6+1*$D$5),原始数据!$B$4:$K$13,"<"&($D$6+2*$D$5)) -> 7 | E10: =D10/原始数据!$D$15*100 -> 7 | F10: =F9+D10 -> 8 | G10: =F10/原始数据!$D$15*100 -> 8 | H10: =$D$6+1*$D$5 -> 3 | I10: =$D$6+2*$D$5 -> 3.5
B11: =TEXT($D$6+2*$D$5,"0.00")&"~"&TEXT($D$6+3*$D$5,"0.00") -> 3.50~4.00 | C11: =($D$6+2*$D$5+$D$6+3*$D$5)/2 -> 3.75 | D11: =COUNTIFS(原始数据!$B$4:$K$13,">="&($D$6+2*$D$5),原始数据!$B$4:$K$13,"<"&($D$6+3*$D$5)) -> 9 | E11: =D11/原始数据!$D$15*100 -> 9 | F11: =F10+D11 -> 17 | G11: =F11/原始数据!$D$15*100 -> 17 | H11: =$D$6+2*$D$5 -> 3.5 | I11: =$D$6+3*$D$5 -> 4
B12: =TEXT($D$6+3*$D$5,"0.00")&"~"&TEXT($D$6+4*$D$5,"0.00") -> 4.00~4.50 | C12: =($D$6+3*$D$5+$D$6+4*$D$5)/2 -> 4.25 | D12: =COUNTIFS(原始数据!$B$4:$K$13,">="&($D$6+3*$D$5),原始数据!$B$4:$K$13,"<"&($D$6+4*$D$5)) -> 23 | E12: =D12/原始数据!$D$15*100 -> 23 | F12: =F11+D12 -> 40 | G12: =F12/原始数据!$D$15*100 -> 40 | H12: =$D$6+3*$D$5 -> 4 | I12: =$D$6+4*$D$5 -> 4.5
B13: =TEXT($D$6+4*$D$5,"0.00")&"~"&TEXT($D$6+5*$D$5,"0.00") -> 4.50~5.00 | C13: =($D$6+4*$D$5+$D$6+5*$D$5)/2 -> 4.75 | D13: =COUNTIFS(原始数据!$B$4:$K$13,">="&($D$6+4*$D$5),原始数据!$B$4:$K$13,"<"&($D$6+5*$D$5)) -> 25 | E13: =D13/原始数据!$D$15*100 -> 25 | F13: =F12+D13 -> 65 | G13: =F13/原始数据!$D$15*100 -> 65 | H13: =$D$6+4*$D$5 -> 4.5 | I13: =$D$6+5*$D$5 -> 5
B14: =TEXT($D$6+5*$D$5,"0.00")&"~"&TEXT($D$6+6*$D$5,"0.00") -> 5.00~5.50 | C14: =($D$6+5*$D$5+$D$6+6*$D$5)/2 -> 5.25 | D14: =COUNTIFS(原始数据!$B$4:$K$13,">="&($D$6+5*$D$5),原始数据!$B$4:$K$13,"<"&($D$6+6*$D$5)) -> 17 | E14: =D14/原始数据!$D$15*100 -> 17 | F14: =F13+D14 -> 82 | G14: =F14/原始数据!$D$15*100 -> 82 | H14: =$D$6+5*$D$5 -> 5 | I14: =$D$6+6*$D$5 -> 5.5
B15: =TEXT($D$6+6*$D$5,"0.00")&"~"&TEXT($D$6+7*$D$5,"0.00") -> 5.50~6.00 | C15: =($D$6+6*$D$5+$D$6+7*$D$5)/2 -> 5.75 | D15: =COUNTIFS(原始数据!$B$4:$K$13,">="&($D$6+6*$D$5),原始数据!$B$4:$K$13,"<"&($D$6+7*$D$5)) -> 9 | E15: =D15/原始数据!$D$15*100 -> 9 | F15: =F14+D15 -> 91 | G15: =F15/原始数据!$D$15*100 -> 91 | H15: =$D$6+6*$D$5 -> 5.5 | I15: =$D$6+7*$D$5 -> 6
B16: =TEXT($D$6+7*$D$5,"0.00")&"~"&TEXT($D$6+8*$D$5,"0.00") -> 6.00~6.50 | C16: =($D$6+7*$D$5+$D$6+8*$D$5)/2 -> 6.25 | D16: =COUNTIFS(原始数据!$B$4:$K$13,">="&($D$6+7*$D$5),原始数据!$B$4:$K$13,"<"&($D$6+8*$D$5)) -> 6 | E16: =D16/原始数据!$D$15*100 -> 6 | F16: =F15+D16 -> 97 | G16: =F16/原始数据!$D$15*100 -> 97 | H16: =$D$6+7*$D$5 -> 6 | I16: =$D$6+8*$D$5 -> 6.5
B17: =TEXT($D$6+8*$D$5,"0.00")&"~"&TEXT($D$6+9*$D$5,"0.00") -> 6.50~7.00 | C17: =($D$6+8*$D$5+$D$6+9*$D$5)/2 -> 6.75 | D17: =COUNTIFS(原始数据!$B$4:$K$13,">="&($D$6+8*$D$5),原始数据!$B$4:$K$13,"<"&($D$6+9*$D$5)) -> 2 | E17: =D17/原始数据!$D$15*100 -> 2 | F17: =F16+D17 -> 99 | G17: =F17/原始数据!$D$15*100 -> 99 | H17: =$D$6+8*$D$5 -> 6.5 | I17: =$D$6+9*$D$5 -> 7
B18: =TEXT($D$6+9*$D$5,"0.00")&"~"&TEXT($D$6+10*$D$5,"0.00") -> 7.00~7.50 | C18: =($D$6+9*$D$5+$D$6+10*$D$5)/2 -> 7.25 | D18: =COUNTIFS(原始数据!$B$4:$K$13,">="&($D$6+9*$D$5),原始数据!$B$4:$K$13,"<"&($D$6+10*$D$5)) -> 1 | E18: =D18/原始数据!$D$15*100 -> 1 | F18: =F17+D18 -> 100 | G18: =F18/原始数据!$D$15*100 -> 100 | H18: =$D$6+9*$D$5 -> 7 | I18: =$D$6+10*$D$5 -> 7.5
B19: 合计 | D19: =SUM(D9:D18) -> 100 | E19: =SUM(E9:E18) -> 100
B21: 说明：频数表按 [下限, 上限) 左闭右开原则统计，最末组含最大值。H、I列为组下限/上限数值，供后续计算引用。

Sheet 2.13 直方图与多边形图
B1: 习题2.13 直方图与频数多边形图
B3: 组中值 | C3: 频数
B4: ='2.12 频数分布表'!C9 -> 2.75 | C4: ='2.12 频数分布表'!D9 -> 1
B5: ='2.12 频数分布表'!C10 -> 3.25 | C5: ='2.12 频数分布表'!D10 -> 7
B6: ='2.12 频数分布表'!C11 -> 3.75 | C6: ='2.12 频数分布表'!D11 -> 9
B7: ='2.12 频数分布表'!C12 -> 4.25 | C7: ='2.12 频数分布表'!D12 -> 23
B8: ='2.12 频数分布表'!C13 -> 4.75 | C8: ='2.12 频数分布表'!D13 -> 25
B9: ='2.12 频数分布表'!C14 -> 5.25 | C9: ='2.12 频数分布表'!D14 -> 17
B10: ='2.12 频数分布表'!C15 -> 5.75 | C10: ='2.12 频数分布表'!D15 -> 9
B11: ='2.12 频数分布表'!C16 -> 6.25 | C11: ='2.12 频数分布表'!D16 -> 6
B12: ='2.12 频数分布表'!C17 -> 6.75 | C12: ='2.12 频数分布表'!D17 -> 2
B13: ='2.12 频数分布表'!C18 -> 7.25 | C13: ='2.12 频数分布表'!D18 -> 1
B35: 分布特征说明：该资料频数分布呈单峰型，主峰位于4.50~5.00 mol/L一组，左右两侧频数大致对称下降，但右侧尾部（高浓度端，向6.5~7.5延伸）略长于左侧，提示该分布接近正态分布，但略呈正偏态（右偏），与偏度系数计算结果一致（见习题2.17）。

Sheet 2.14 均数标准差变异系数
B1: 习题2.14 均数、标准差与变异系数
B3: 样本量 n | D3: =原始数据!$D$15 -> 100
B4: 均数（算术平均数） x̄ = ΣX/n | D4: =AVERAGE(原始数据!$B$4:$K$13) -> 4.7398
B5: 标准差 S = √[Σ(X－x̄)²/(n－1)] | D5: =STDEV(原始数据!$B$4:$K$13) -> 0.86616417
B6: 方差 S² | D6: =VAR(原始数据!$B$4:$K$13) -> 0.75024036
B7: 变异系数 CV = S/x̄ × 100% | D7: =D5/D4 -> 0.18274277
B10: 说明：CV用于比较度量单位不同或均数相差悬殊的多组资料的变异程度；本例中CV较小，说明该组健康男子血清总胆固醇含量的变异程度不大。

Sheet 2.15 众数与中位数
B1: 习题2.15 众数、中位数与均数的比较
B3: 一、众数（按频数分布表，组距法）
B4: 众数所在组（频数最大的组） | D4: =INDEX('2.12 频数分布表'!$B$9:$B$18,MATCH(MAX('2.12 频数分布表'!$D$9:$D$18),'2.12 频数分布表'!$D$9:$D$18,0)) -> 4.50~5.00
B5: 众数组下限 L | D5: =INDEX('2.12 频数分布表'!$H$9:$H$18,MATCH(MAX('2.12 频数分布表'!$D$9:$D$18),'2.12 频数分布表'!$D$9:$D$18,0)) -> 4.5
B6: 组距 i | D6: ='2.12 频数分布表'!$D$5 -> 0.5
B7: Δ1 = 众数组频数－前一组频数 | D7: =INDEX('2.12 频数分布表'!$D$9:$D$18,MATCH(MAX('2.12 频数分布表'!$D$9:$D$18),'2.12 频数分布表'!$D$9:$D$18,0))-INDEX('2.12 频数分布表'!$D$9:$D$18,MATCH(MAX('2.12 频数分布表'!$D$9:$D$18),'2.12 频数分布表'!$D$9:$D$18,0)-1) -> 2
B8: Δ2 = 众数组频数－后一组频数 | D8: =INDEX('2.12 频数分布表'!$D$9:$D$18,MATCH(MAX('2.12 频数分布表'!$D$9:$D$18),'2.12 频数分布表'!$D$9:$D$18,0))-INDEX('2.12 频数分布表'!$D$9:$D$18,MATCH(MAX('2.12 频数分布表'!$D$9:$D$18),'2.12 频数分布表'!$D$9:$D$18,0)+1) -> 8
B9: 众数 M0 = L + i × Δ1/(Δ1+Δ2) | D9: =D5+D6*(D7/(D7+D8)) -> 4.6
B11: 二、中位数
B12: 直接法（据原始100个数据排序）Md = MEDIAN(X) | D12: =MEDIAN(原始数据!$B$4:$K$13) -> 4.66
B13: 累计频数半数 n/2 | D13: =原始数据!$D$15/2 -> 50
B14: 中位数所在组行号（在10组中的序号） | D14: =IF(INDEX('2.12 频数分布表'!$F$9:$F$18,MATCH(D13,'2.12 频数分布表'!$F$9:$F$18,1))=D13,MATCH(D13,'2.12 频数分布表'!$F$9:$F$18,1),MATCH(D13,'2.12 频数分布表'!$F$9:$F$18,1)+1) -> 5
B15: 中位数所在组下限 L / 该组以下累计频数 cf / 该组频数 f | D15: =INDEX('2.12 频数分布表'!$H$9:$H$18,D14) -> 4.5 | E15: =IF(D14=1,0,INDEX('2.12 频数分布表'!$F$9:$F$18,D14-1)) -> 40 | F15: =INDEX('2.12 频数分布表'!$D$9:$D$18,D14) -> 25
B16: 组距法中位数 Md = L + i/f × (n/2－cf) | D16: =D15+(D6/F15)*(D13-E15) -> 4.7
B18: 三、均数、中位数、众数比较
B19: 均数 x̄ | D19: ='2.14 均数标准差变异系数'!$D$4 -> 4.7398
B20: 中位数 Md（直接法） | D20: =D12 -> 4.66
B21: 众数 M0 | D21: =D9 -> 4.6
B23: 说明：均数＞中位数＞众数，三者略有差异且均数最大，提示该资料分布不是严格对称，而呈轻度正偏态（右偏）。

Sheet 2.16 五数概括与箱线图
B1: 习题2.16 五数概括与箱线图
B3: 统计量 | D3: 数值（mol/L）
B4: 最小值 Min | D4: =MIN(原始数据!$B$4:$K$13) -> 2.7
B5: 第一四分位数 Q1 | D5: =QUARTILE(原始数据!$B$4:$K$13,1) -> 4.215
B6: 中位数 Median | D6: =MEDIAN(原始数据!$B$4:$K$13) -> 4.66
B7: 第三四分位数 Q3 | D7: =QUARTILE(原始数据!$B$4:$K$13,3) -> 5.21
B8: 最大值 Max | D8: =MAX(原始数据!$B$4:$K$13) -> 7.22
B11: 四分位数间距 IQR = Q3－Q1 | D11: =D7-D5 -> 0.995
B14: 箱线图作图辅助数据
B15: 类别 | C15: Q1为基底(不可见) | D15: Q1至中位数(箱体下半) | E15: 中位数至Q3(箱体上半)
B16: 总胆固醇 | C16: =D5 -> 4.215 | D16: =D6-D5 -> 0.445 | E16: =D7-D6 -> 0.55
B18: 下须长度 = Q1－Min | D18: =D5-D4 -> 1.515
B19: 上须长度 = Max－Q3 | D19: =D8-D7 -> 2.01
B21: 说明：箱体上、下边为Q3、Q1，箱内横线为中位数；上、下须线（误差线）分别延伸至Max、Min。该作图方法为Excel中常用的“堆积柱形图+误差线”箱线图近似画法。

Sheet 2.17 偏度峰度系数
B1: 习题2.17 偏度系数与峰度系数
B3: 样本量 n | D3: =原始数据!$D$15 -> 100
B4: 均数 x̄ | D4: ='2.14 均数标准差变异系数'!$D$4 -> 4.7398
B5: 标准差 S | D5: ='2.14 均数标准差变异系数'!$D$5 -> 0.86616417
B6: 偏度系数 SK（矩法，=SKEW函数） | D6: =SKEW(原始数据!$B$4:$K$13) -> 0.27440726
B7: 峰度系数 CT（矩法，=KURT函数，超额峰度） | D7: =KURT(原始数据!$B$4:$K$13) -> 0.060507282
B10: 判断标准：SK=0为对称分布，SK＞0为正偏态（右偏），SK＜0为负偏态（左偏）；CT=0峰度与正态分布相当，CT＞0为尖峭峰态，CT＜0为扁平峰态。本例SK略大于0，提示分布呈轻度右偏，与习题2.13、2.15的结论一致。
